{"cameraMode":{"drawMode":0,"name":"Shaded","section":"Shading Mode"},"sceneLighting":true,"audioPlay":false,"sceneViewState":{"showFog":true,"showMaterialUpdate":false,"showSkybox":true,"showFlares":true,"showImageEffects":true,"showParticleSystems":true},"in2DMode":false,"pivot":{"x":9.40997314453125,"y":2.1298828125,"z":4.94287109375},"rotation":{"x":-0.2055133432149887,"y":0.010275788605213166,"z":-0.0021577058359980585,"w":-0.9785972833633423},"size":1.8863838911056519,"orthographic":true}