{"cameraMode":{"drawMode":0,"name":"Shaded","section":"Shading Mode"},"sceneLighting":true,"audioPlay":false,"sceneViewState":{"showFog":true,"showMaterialUpdate":false,"showSkybox":true,"showFlares":true,"showImageEffects":true,"showParticleSystems":true},"in2DMode":false,"pivot":{"x":9.71826171875,"y":1.03857421875,"z":8.518310546875},"rotation":{"x":-0.21881315112113954,"y":-0.19031670689582826,"z":0.04355831444263458,"w":-0.9560350775718689},"size":2.616912841796875,"orthographic":true}